0.0000000000000000e+00,9.0942193900773782e-01
1.0010010010010010e-03,9.0987710514337727e-01
2.0020020020020020e-03,9.1033227127901695e-01
3.0030030030030030e-03,9.1078743741465640e-01
4.0040040040040040e-03,9.1124260355029585e-01
5.0050050050050058e-03,9.1169776968593530e-01
6.0060060060060060e-03,9.1215293582157497e-01
7.0070070070070078e-03,9.1260810195721442e-01
8.0080080080080079e-03,9.1306326809285387e-01
9.0090090090090089e-03,9.1351843422849333e-01
1.0010010010010012e-02,9.1397360036413300e-01
1.1011011011011011e-02,9.1442876649977245e-01
1.2012012012012012e-02,9.1488393263541190e-01
1.3013013013013013e-02,9.1533909877105135e-01
1.4014014014014016e-02,9.1579426490669102e-01
1.5015015015015017e-02,9.1624943104233048e-01
1.6016016016016016e-02,9.1670459717796993e-01
1.7017017017017019e-02,9.1715976331360938e-01
1.8018018018018018e-02,9.1761492944924905e-01
1.9019019019019021e-02,9.1807009558488850e-01
2.0020020020020023e-02,9.1852526172052795e-01
2.1021021021021023e-02,9.1898042785616751e-01
2.2022022022022022e-02,9.1943559399180708e-01
2.3023023023023025e-02,9.1989076012744653e-01
2.4024024024024024e-02,9.2034592626308598e-01
2.5025025025025027e-02,9.2080109239872554e-01
2.6026026026026026e-02,9.2125625853436510e-01
2.7027027027027032e-02,9.2171142467000455e-01
2.8028028028028031e-02,9.2216659080564400e-01
2.9029029029029031e-02,9.2262175694128357e-01
3.0030030030030033e-02,9.2307692307692313e-01
3.1031031031031032e-02,9.2353208921256258e-01
3.2032032032032032e-02,9.2398725534820214e-01
3.3033033033033038e-02,9.2444242148384159e-01
3.4034034034034037e-02,9.2489758761948115e-01
3.5035035035035036e-02,9.2535275375512061e-01
3.6036036036036036e-02,9.2580791989076017e-01
3.7037037037037035e-02,9.2626308602639962e-01
3.8038038038038041e-02,9.2671825216203918e-01
3.9039039039039040e-02,9.2717341829767863e-01
4.0040040040040047e-02,9.2762858443331819e-01
4.1041041041041046e-02,9.2808375056895764e-01
4.2042042042042045e-02,9.2853891670459721e-01
4.3043043043043044e-02,9.2899408284023666e-01
4.4044044044044044e-02,9.2944924897587622e-01
4.5045045045045050e-02,9.2990441511151567e-01
4.6046046046046049e-02,9.3035958124715523e-01
4.7047047047047048e-02,9.3081474738279479e-01
4.8048048048048048e-02,9.3126991351843424e-01
4.9049049049049047e-02,9.3172507965407370e-01
5.0050050050050053e-02,9.3218024578971326e-01
5.1051051051051052e-02,9.3263541192535282e-01
5.2052052052052052e-02,9.3309057806099227e-01
5.3053053053053051e-02,9.3354574419663172e-01
5.4054054054054064e-02,9.3400091033227128e-01
5.5055055055055063e-02,9.3445607646791085e-01
5.6056056056056063e-02,9.3491124260355030e-01
5.7057057057057062e-02,9.3536640873918975e-01
5.8058058058058061e-02,9.3582157487482942e-01
5.9059059059059067e-02,9.3627674101046887e-01
6.0060060060060066e-02,9.3673190714610832e-01
6.1061061061061066e-02,9.3718707328174777e-01
6.2062062062062065e-02,9.3764223941738745e-01
6.3063063063063071e-02,9.3809740555302690e-01
6.4064064064064064e-02,9.3855257168866635e-01
6.5065065065065070e-02,9.3900773782430580e-01
6.6066066066066076e-02,9.3946290395994547e-01
6.7067067067067068e-02,9.3991807009558492e-01
6.8068068068068074e-02,9.4037323623122437e-01
6.9069069069069067e-02,9.4082840236686383e-01
7.0070070070070073e-02,9.4128356850250350e-01
7.1071071071071079e-02,9.4173873463814295e-01
7.2072072072072071e-02,9.4219390077378240e-01
7.3073073073073078e-02,9.4264906690942185e-01
7.4074074074074070e-02,9.4310423304506152e-01
7.5075075075075090e-02,9.4355939918070098e-01
7.6076076076076082e-02,9.4401456531634043e-01
7.7077077077077089e-02,9.4446973145197988e-01
7.8078078078078081e-02,9.4492489758761955e-01
7.9079079079079087e-02,9.4538006372325900e-01
8.0080080080080093e-02,9.4583522985889845e-01
8.1081081081081086e-02,9.4629039599453801e-01
8.2082082082082092e-02,9.4674556213017758e-01
8.3083083083083084e-02,9.4720072826581703e-01
8.4084084084084090e-02,9.4765589440145648e-01
8.5085085085085096e-02,9.4811106053709604e-01
8.6086086086086089e-02,9.4856622667273560e-01
8.7087087087087095e-02,9.4902139280837505e-01
8.8088088088088087e-02,9.4947655894401450e-01
8.9089089089089094e-02,9.4993172507965407e-01
9.0090090090090100e-02,9.5038689121529363e-01
9.1091091091091092e-02,9.5084205735093308e-01
9.2092092092092098e-02,9.5129722348657253e-01
9.3093093093093091e-02,9.5175238962221209e-01
9.4094094094094097e-02,9.5220755575785165e-01
9.5095095095095103e-02,9.5266272189349110e-01
9.6096096096096095e-02,9.5311788802913067e-01
9.7097097097097101e-02,9.5357305416477012e-01
9.8098098098098094e-02,9.5402822030040968e-01
9.9099099099099100e-02,9.5448338643604913e-01
1.0010010010010011e-01,9.5493855257168869e-01
1.0110110110110110e-01,9.5539371870732814e-01
1.0210210210210210e-01,9.5584888484296771e-01
1.0310310310310310e-01,9.5630405097860716e-01
1.0410410410410410e-01,9.5675921711424672e-01
1.0510510510510511e-01,9.5721438324988617e-01
1.0610610610610610e-01,9.5766954938552573e-01
1.0710710710710712e-01,9.5812471552116529e-01
1.0810810810810813e-01,9.5857988165680474e-01
1.0910910910910912e-01,9.5903504779244420e-01
1.1011011011011013e-01,9.5949021392808376e-01
1.1111111111111112e-01,9.5994538006372332e-01
1.1211211211211213e-01,9.6040054619936277e-01
1.1311311311311313e-01,9.6085571233500222e-01
1.1411411411411412e-01,9.6131087847064178e-01
1.1511511511511513e-01,9.6176604460628135e-01
1.1611611611611612e-01,9.6222121074192080e-01
1.1711711711711713e-01,9.6267637687756025e-01
1.1811811811811813e-01,9.6313154301319981e-01
1.1911911911911913e-01,9.6358670914883937e-01
1.2012012012012013e-01,9.6404187528447882e-01
1.2112112112112113e-01,9.6449704142011827e-01
1.2212212212212213e-01,9.6495220755575795e-01
1.2312312312312314e-01,9.6540737369139740e-01
1.2412412412412413e-01,9.6586253982703685e-01
1.2512512512512514e-01,9.6631770596267630e-01
1.2612612612612614e-01,9.6677287209831597e-01
1.2712712712712715e-01,9.6722803823395542e-01
1.2812812812812813e-01,9.6768320436959487e-01
1.2912912912912913e-01,9.6813837050523432e-01
1.3013013013013014e-01,9.6859353664087400e-01
1.3113113113113115e-01,9.6904870277651345e-01
1.3213213213213215e-01,9.6950386891215290e-01
1.3313313313313313e-01,9.6995903504779235e-01
1.3413413413413414e-01,9.7041420118343202e-01
1.3513513513513514e-01,9.7086936731907147e-01
1.3613613613613615e-01,9.7132453345471093e-01
1.3713713713713716e-01,9.7177969959035038e-01
1.3813813813813813e-01,9.7223486572599005e-01
1.3913913913913914e-01,9.7269003186162950e-01
1.4014014014014015e-01,9.7314519799726895e-01
1.4114114114114115e-01,9.7360036413290840e-01
1.4214214214214216e-01,9.7405553026854808e-01
1.4314314314314314e-01,9.7451069640418753e-01
1.4414414414414414e-01,9.7496586253982698e-01
1.4514514514514515e-01,9.7542102867546654e-01
1.4614614614614616e-01,9.7587619481110610e-01
1.4714714714714716e-01,9.7633136094674555e-01
1.4814814814814814e-01,9.7678652708238500e-01
1.4914914914914915e-01,9.7724169321802457e-01
1.5015015015015018e-01,9.7769685935366413e-01
1.5115115115115116e-01,9.7815202548930358e-01
1.5215215215215216e-01,9.7860719162494303e-01
1.5315315315315317e-01,9.7906235776058270e-01
1.5415415415415418e-01,9.7951752389622215e-01
1.5515515515515518e-01,9.7997269003186160e-01
1.5615615615615616e-01,9.8042785616750117e-01
1.5715715715715717e-01,9.8088302230314062e-01
1.5815815815815817e-01,9.8133818843878018e-01
1.5915915915915918e-01,9.8179335457441963e-01
1.6016016016016019e-01,9.8224852071005919e-01
1.6116116116116116e-01,9.8270368684569875e-01
1.6216216216216217e-01,9.8315885298133820e-01
1.6316316316316318e-01,9.8361401911697766e-01
1.6416416416416418e-01,9.8406918525261722e-01
1.6516516516516519e-01,9.8452435138825667e-01
1.6616616616616617e-01,9.8497951752389623e-01
1.6716716716716717e-01,9.8543468365953568e-01
1.6816816816816818e-01,9.8588984979517524e-01
1.6916916916916919e-01,9.8634501593081481e-01
1.7017017017017019e-01,9.8680018206645426e-01
1.7117117117117117e-01,9.8725534820209382e-01
1.7217217217217218e-01,9.8771051433773327e-01
1.7317317317317318e-01,9.8816568047337272e-01
1.7417417417417419e-01,9.8862084660901228e-01
1.7517517517517520e-01,9.8907601274465184e-01
1.7617617617617617e-01,9.8953117888029130e-01
1.7717717717717718e-01,9.8998634501593086e-01
1.7817817817817819e-01,9.9044151115157031e-01
1.7917917917917919e-01,9.9089667728720987e-01
1.8018018018018020e-01,9.9135184342284932e-01
1.8118118118118118e-01,9.9180700955848877e-01
1.8218218218218218e-01,9.9226217569412845e-01
1.8318318318318319e-01,9.9271734182976790e-01
1.8418418418418420e-01,9.9317250796540735e-01
1.8518518518518520e-01,9.9362767410104691e-01
1.8618618618618618e-01,9.9408284023668647e-01
1.8718718718718719e-01,9.9453800637232592e-01
1.8818818818818819e-01,9.9499317250796537e-01
1.8918918918918920e-01,9.9544833864360482e-01
1.9019019019019021e-01,9.9590350477924450e-01
1.9119119119119118e-01,9.9635867091488395e-01
1.9219219219219219e-01,9.9681383705052340e-01
1.9319319319319320e-01,9.9726900318616296e-01
1.9419419419419420e-01,9.9772416932180252e-01
1.9519519519519521e-01,9.9817933545744197e-01
1.9619619619619619e-01,9.9863450159308143e-01
1.9719719719719719e-01,9.9908966772872088e-01
1.9819819819819820e-01,9.9954483386436055e-01
1.9919919919919921e-01,1.0000000000000000e+00
2.0020020020020021e-01,8.6390532544378695e-01
2.0120120120120119e-01,8.6367774237596717e-01
2.0220220220220220e-01,8.6345015930814750e-01
2.0320320320320320e-01,8.6322257624032772e-01
2.0420420420420421e-01,8.6299499317250794e-01
2.0520520520520522e-01,8.6276741010468827e-01
2.0620620620620619e-01,8.6253982703686849e-01
2.0720720720720720e-01,8.6231224396904882e-01
2.0820820820820821e-01,8.6208466090122893e-01
2.0920920920920921e-01,8.6185707783340915e-01
2.1021021021021022e-01,8.6162949476558948e-01
2.1121121121121120e-01,8.6140191169776970e-01
2.1221221221221220e-01,8.6117432862994991e-01
2.1321321321321321e-01,8.6094674556213024e-01
2.1421421421421424e-01,8.6071916249431046e-01
2.1521521521521525e-01,8.6049157942649057e-01
2.1621621621621626e-01,8.6026399635867090e-01
2.1721721721721723e-01,8.6003641329085112e-01
2.1821821821821824e-01,8.5980883022303145e-01
2.1921921921921925e-01,8.5958124715521167e-01
2.2022022022022025e-01,8.5935366408739189e-01
2.2122122122122126e-01,8.5912608101957222e-01
2.2222222222222224e-01,8.5889849795175233e-01
2.2322322322322324e-01,8.5867091488393255e-01
2.2422422422422425e-01,8.5844333181611288e-01
2.2522522522522526e-01,8.5821574874829309e-01
2.2622622622622626e-01,8.5798816568047342e-01
2.2722722722722724e-01,8.5776058261265364e-01
2.2822822822822825e-01,8.5753299954483386e-01
2.2922922922922925e-01,8.5730541647701419e-01
2.3023023023023026e-01,8.5707783340919430e-01
2.3123123123123127e-01,8.5685025034137452e-01
2.3223223223223224e-01,8.5662266727355485e-01
2.3323323323323325e-01,8.5639508420573507e-01
2.3423423423423426e-01,8.5616750113791540e-01
2.3523523523523526e-01,8.5593991807009562e-01
2.3623623623623627e-01,8.5571233500227584e-01
2.3723723723723725e-01,8.5548475193445617e-01
2.3823823823823825e-01,8.5525716886663627e-01
2.3923923923923926e-01,8.5502958579881649e-01
2.4024024024024027e-01,8.5480200273099682e-01
2.4124124124124127e-01,8.5457441966317704e-01
2.4224224224224225e-01,8.5434683659535737e-01
2.4324324324324326e-01,8.5411925352753759e-01
2.4424424424424426e-01,8.5389167045971770e-01
2.4524524524524527e-01,8.5366408739189803e-01
2.4624624624624628e-01,8.5343650432407825e-01
2.4724724724724725e-01,8.5320892125625847e-01
2.4824824824824826e-01,8.5298133818843880e-01
2.4924924924924927e-01,8.5275375512061902e-01
2.5025025025025027e-01,8.5252617205279935e-01
2.5125125125125125e-01,8.5229858898497957e-01
2.5225225225225228e-01,8.5207100591715967e-01
2.5325325325325326e-01,8.5184342284934000e-01
2.5425425425425430e-01,8.5161583978152022e-01
2.5525525525525528e-01,8.5138825671370044e-01
2.5625625625625625e-01,8.5116067364588077e-01
2.5725725725725729e-01,8.5093309057806099e-01
2.5825825825825827e-01,8.5070550751024132e-01
2.5925925925925930e-01,8.5047792444242154e-01
2.6026026026026028e-01,8.5025034137460165e-01
2.6126126126126126e-01,8.5002275830678198e-01
2.6226226226226229e-01,8.4979517523896220e-01
2.6326326326326327e-01,8.4956759217114242e-01
2.6426426426426430e-01,8.4934000910332275e-01
2.6526526526526528e-01,8.4911242603550297e-01
2.6626626626626626e-01,8.4888484296768330e-01
2.6726726726726729e-01,8.4865725989986340e-01
2.6826826826826827e-01,8.4842967683204362e-01
2.6926926926926931e-01,8.4820209376422395e-01
2.7027027027027029e-01,8.4797451069640417e-01
2.7127127127127126e-01,8.4774692762858439e-01
2.7227227227227230e-01,8.4751934456076472e-01
2.7327327327327328e-01,8.4729176149294494e-01
2.7427427427427431e-01,8.4706417842512527e-01
2.7527527527527529e-01,8.4683659535730538e-01
2.7627627627627627e-01,8.4660901228948560e-01
2.7727727727727730e-01,8.4638142922166593e-01
2.7827827827827828e-01,8.4615384615384615e-01
2.7927927927927931e-01,8.4592626308602636e-01
2.8028028028028029e-01,8.4569868001820669e-01
2.8128128128128127e-01,8.4547109695038691e-01
2.8228228228228230e-01,8.4524351388256724e-01
2.8328328328328328e-01,8.4501593081474735e-01
2.8428428428428432e-01,8.4478834774692757e-01
2.8528528528528529e-01,8.4456076467910790e-01
2.8628628628628627e-01,8.4433318161128812e-01
2.8728728728728731e-01,8.4410559854346834e-01
2.8828828828828829e-01,8.4387801547564867e-01
2.8928928928928932e-01,8.4365043240782889e-01
2.9029029029029030e-01,8.4342284934000911e-01
2.9129129129129128e-01,8.4319526627218933e-01
2.9229229229229231e-01,8.4296768320436954e-01
2.9329329329329329e-01,8.4274010013654987e-01
2.9429429429429432e-01,8.4251251706873009e-01
2.9529529529529530e-01,8.4228493400091031e-01
2.9629629629629628e-01,8.4205735093309064e-01
2.9729729729729731e-01,8.4182976786527075e-01
2.9829829829829829e-01,8.4160218479745108e-01
2.9929929929929933e-01,8.4137460172963130e-01
3.0030030030030036e-01,8.4114701866181152e-01
3.0130130130130134e-01,8.4091943559399185e-01
3.0230230230230232e-01,8.4069185252617207e-01
3.0330330330330335e-01,8.4046426945835229e-01
3.0430430430430433e-01,8.4023668639053262e-01
3.0530530530530536e-01,8.4000910332271272e-01
3.0630630630630634e-01,8.3978152025489294e-01
3.0730730730730732e-01,8.3955393718707327e-01
3.0830830830830835e-01,8.3932635411925349e-01
3.0930930930930933e-01,8.3909877105143382e-01
3.1031031031031037e-01,8.3887118798361404e-01
3.1131131131131135e-01,8.3864360491579426e-01
3.1231231231231232e-01,8.3841602184797459e-01
3.1331331331331336e-01,8.3818843878015470e-01
3.1431431431431434e-01,8.3796085571233503e-01
3.1531531531531537e-01,8.3773327264451525e-01
3.1631631631631635e-01,8.3750568957669547e-01
3.1731731731731733e-01,8.3727810650887580e-01
3.1831831831831836e-01,8.3705052344105602e-01
3.1931931931931934e-01,8.3682294037323612e-01
3.2032032032032037e-01,8.3659535730541645e-01
3.2132132132132135e-01,8.3636777423759667e-01
3.2232232232232233e-01,8.3614019116977689e-01
3.2332332332332336e-01,8.3591260810195722e-01
3.2432432432432434e-01,8.3568502503413744e-01
3.2532532532532538e-01,8.3545744196631777e-01
3.2632632632632635e-01,8.3522985889849799e-01
3.2732732732732733e-01,8.3500227583067810e-01
3.2832832832832837e-01,8.3477469276285843e-01
3.2932932932932935e-01,8.3454710969503865e-01
3.3033033033033038e-01,8.3431952662721898e-01
3.3133133133133136e-01,8.3409194355939920e-01
3.3233233233233234e-01,8.3386436049157941e-01
3.3333333333333337e-01,8.3363677742375974e-01
3.3433433433433435e-01,8.3340919435593996e-01
3.3533533533533538e-01,8.3318161128812007e-01
3.3633633633633636e-01,8.3295402822030040e-01
3.3733733733733734e-01,8.3272644515248062e-01
3.3833833833833837e-01,8.3249886208466084e-01
3.3933933933933935e-01,8.3227127901684117e-01
3.4034034034034039e-01,8.3204369594902139e-01
3.4134134134134136e-01,8.3181611288120172e-01
3.4234234234234234e-01,8.3158852981338183e-01
3.4334334334334338e-01,8.3136094674556205e-01
3.4434434434434436e-01,8.3113336367774238e-01
3.4534534534534539e-01,8.3090578060992260e-01
3.4634634634634637e-01,8.3067819754210293e-01
3.4734734734734735e-01,8.3045061447428314e-01
3.4834834834834838e-01,8.3022303140646336e-01
3.4934934934934936e-01,8.2999544833864369e-01
3.5035035035035039e-01,8.2976786527082380e-01
3.5135135135135137e-01,8.2954028220300402e-01
3.5235235235235235e-01,8.2931269913518435e-01
3.5335335335335338e-01,8.2908511606736457e-01
3.5435435435435436e-01,8.2885753299954479e-01
3.5535535535535540e-01,8.2862994993172512e-01
3.5635635635635637e-01,8.2840236686390534e-01
3.5735735735735735e-01,8.2817478379608567e-01
3.5835835835835839e-01,8.2794720072826578e-01
3.5935935935935936e-01,8.2771961766044599e-01
3.6036036036036040e-01,8.2749203459262632e-01
3.6136136136136138e-01,8.2726445152480654e-01
3.6236236236236236e-01,8.2703686845698687e-01
3.6336336336336339e-01,8.2680928538916709e-01
3.6436436436436437e-01,8.2658170232134731e-01
3.6536536536536540e-01,8.2635411925352753e-01
3.6636636636636638e-01,8.2612653618570775e-01
3.6736736736736736e-01,8.2589895311788797e-01
3.6836836836836839e-01,8.2567137005006830e-01
3.6936936936936937e-01,8.2544378698224852e-01
3.7037037037037041e-01,8.2521620391442874e-01
3.7137137137137138e-01,8.2498862084660907e-01
3.7237237237237236e-01,8.2476103777878917e-01
3.7337337337337340e-01,8.2453345471096950e-01
3.7437437437437437e-01,8.2430587164314972e-01
3.7537537537537541e-01,8.2407828857532994e-01
3.7637637637637639e-01,8.2385070550751027e-01
3.7737737737737737e-01,8.2362312243969049e-01
3.7837837837837840e-01,8.2339553937187082e-01
3.7937937937937938e-01,8.2316795630405104e-01
3.8038038038038041e-01,8.2294037323623115e-01
3.8138138138138139e-01,8.2271279016841148e-01
3.8238238238238237e-01,8.2248520710059170e-01
3.8338338338338340e-01,8.2225762403277192e-01
3.8438438438438438e-01,8.2203004096495225e-01
3.8538538538538542e-01,8.2180245789713247e-01
3.8638638638638639e-01,8.2157487482931268e-01
3.8738738738738737e-01,8.2134729176149301e-01
3.8838838838838841e-01,8.2111970869367312e-01
3.8938938938938938e-01,8.2089212562585345e-01
3.9039039039039042e-01,8.2066454255803367e-01
3.9139139139139140e-01,8.2043695949021389e-01
3.9239239239239238e-01,8.2020937642239422e-01
3.9339339339339341e-01,8.1998179335457444e-01
3.9439439439439439e-01,8.1975421028675477e-01
3.9539539539539542e-01,8.1952662721893488e-01
3.9639639639639640e-01,8.1929904415111510e-01
3.9739739739739738e-01,8.1907146108329543e-01
3.9839839839839841e-01,8.1884387801547565e-01
3.9939939939939939e-01,8.1861629494765586e-01
4.0040040040040042e-01,8.1838871187983619e-01
4.0140140140140140e-01,8.1816112881201641e-01
4.0240240240240238e-01,8.1793354574419652e-01
4.0340340340340342e-01,8.1770596267637685e-01
4.0440440440440439e-01,8.1747837960855707e-01
4.0540540540540543e-01,8.1725079654073740e-01
4.0640640640640641e-01,8.1702321347291762e-01
4.0740740740740738e-01,8.1679563040509784e-01
4.0840840840840842e-01,8.1656804733727817e-01
4.0940940940940940e-01,8.1634046426945839e-01
4.1041041041041043e-01,8.1611288120163872e-01
4.1141141141141141e-01,8.1588529813381883e-01
4.1241241241241239e-01,8.1565771506599904e-01
4.1341341341341342e-01,8.1543013199817937e-01
4.1441441441441440e-01,8.1520254893035959e-01
4.1541541541541543e-01,8.1497496586253981e-01
4.1641641641641641e-01,8.1474738279472014e-01
4.1741741741741739e-01,8.1451979972690025e-01
4.1841841841841843e-01,8.1429221665908047e-01
4.1941941941941940e-01,8.1406463359126080e-01
4.2042042042042044e-01,8.1383705052344102e-01
4.2142142142142142e-01,8.1360946745562135e-01
4.2242242242242239e-01,8.1338188438780157e-01
4.2342342342342343e-01,8.1315430131998179e-01
4.2442442442442441e-01,8.1292671825216212e-01
4.2542542542542544e-01,8.1269913518434223e-01
4.2642642642642642e-01,8.1247155211652256e-01
4.2742742742742751e-01,8.1224396904870277e-01
4.2842842842842849e-01,8.1201638598088299e-01
4.2942942942942947e-01,8.1178880291306321e-01
4.3043043043043050e-01,8.1156121984524354e-01
4.3143143143143148e-01,8.1133363677742376e-01
4.3243243243243251e-01,8.1110605370960409e-01
4.3343343343343349e-01,8.1087847064178420e-01
4.3443443443443447e-01,8.1065088757396442e-01
4.3543543543543550e-01,8.1042330450614475e-01
4.3643643643643648e-01,8.1019572143832497e-01
4.3743743743743752e-01,8.0996813837050530e-01
4.3843843843843849e-01,8.0974055530268552e-01
4.3943943943943947e-01,8.0951297223486574e-01
4.4044044044044051e-01,8.0928538916704595e-01
4.4144144144144148e-01,8.0905780609922617e-01
4.4244244244244252e-01,8.0883022303140639e-01
4.4344344344344350e-01,8.0860263996358672e-01
4.4444444444444448e-01,8.0837505689576694e-01
4.4544544544544551e-01,8.0814747382794716e-01
4.4644644644644649e-01,8.0791989076012749e-01
4.4744744744744752e-01,8.0769230769230760e-01
4.4844844844844850e-01,8.0746472462448793e-01
4.4944944944944948e-01,8.0723714155666815e-01
4.5045045045045051e-01,8.0700955848884837e-01
4.5145145145145149e-01,8.0678197542102870e-01
4.5245245245245252e-01,8.0655439235320892e-01
4.5345345345345350e-01,8.0632680928538925e-01
4.5445445445445448e-01,8.0609922621756946e-01
4.5545545545545552e-01,8.0587164314974957e-01
4.5645645645645649e-01,8.0564406008192990e-01
4.5745745745745753e-01,8.0541647701411012e-01
4.5845845845845851e-01,8.0518889394629034e-01
4.5945945945945948e-01,8.0496131087847067e-01
4.6046046046046052e-01,8.0473372781065089e-01
4.6146146146146150e-01,8.0450614474283111e-01
4.6246246246246253e-01,8.0427856167501144e-01
4.6346346346346351e-01,8.0405097860719155e-01
4.6446446446446449e-01,8.0382339553937188e-01
4.6546546546546552e-01,8.0359581247155210e-01
4.6646646646646650e-01,8.0336822940373231e-01
4.6746746746746753e-01,8.0314064633591264e-01
4.6846846846846851e-01,8.0291306326809286e-01
4.6946946946946949e-01,8.0268548020027319e-01
4.7047047047047053e-01,8.0245789713245330e-01
4.7147147147147150e-01,8.0223031406463352e-01
4.7247247247247254e-01,8.0200273099681385e-01
4.7347347347347352e-01,8.0177514792899407e-01
4.7447447447447449e-01,8.0154756486117429e-01
4.7547547547547553e-01,8.0131998179335462e-01
4.7647647647647651e-01,8.0109239872553484e-01
4.7747747747747754e-01,8.0086481565771495e-01
4.7847847847847852e-01,8.0063723258989528e-01
4.7947947947947950e-01,8.0040964952207549e-01
4.8048048048048053e-01,8.0018206645425582e-01
4.8148148148148151e-01,7.9995448338643604e-01
4.8248248248248254e-01,7.9972690031861626e-01
4.8348348348348352e-01,7.9949931725079659e-01
4.8448448448448450e-01,7.9927173418297681e-01
4.8548548548548554e-01,7.9904415111515714e-01
4.8648648648648651e-01,7.9881656804733725e-01
4.8748748748748755e-01,7.9858898497951747e-01
4.8848848848848853e-01,7.9836140191169780e-01
4.8948948948948950e-01,7.9813381884387802e-01
4.9049049049049054e-01,7.9790623577605824e-01
4.9149149149149152e-01,7.9767865270823857e-01
4.9249249249249255e-01,7.9745106964041867e-01
4.9349349349349353e-01,7.9722348657259889e-01
4.9449449449449451e-01,7.9699590350477922e-01
4.9549549549549554e-01,7.9676832043695944e-01
4.9649649649649652e-01,7.9654073736913977e-01
4.9749749749749755e-01,7.9631315430131999e-01
4.9849849849849853e-01,7.9608557123350021e-01
4.9949949949949951e-01,7.9585798816568054e-01
5.0050050050050054e-01,7.9563040509786065e-01
5.0150150150150152e-01,7.9540282203004098e-01
5.0250250250250250e-01,7.9517523896222120e-01
5.0350350350350359e-01,7.9494765589440142e-01
5.0450450450450457e-01,7.9472007282658175e-01
5.0550550550550555e-01,7.9449248975876197e-01
5.0650650650650653e-01,7.9426490669094219e-01
5.0750750750750750e-01,7.9403732362312252e-01
5.0850850850850859e-01,7.9380974055530262e-01
5.0950950950950957e-01,7.9358215748748284e-01
5.1051051051051055e-01,7.9335457441966317e-01
5.1151151151151153e-01,7.9312699135184339e-01
5.1251251251251251e-01,7.9289940828402372e-01
5.1351351351351360e-01,7.9267182521620394e-01
5.1451451451451458e-01,7.9244424214838416e-01
5.1551551551551555e-01,7.9221665908056438e-01
5.1651651651651653e-01,7.9198907601274460e-01
5.1751751751751751e-01,7.9176149294492493e-01
5.1851851851851860e-01,7.9153390987710515e-01
5.1951951951951958e-01,7.9130632680928537e-01
5.2052052052052056e-01,7.9107874374146570e-01
5.2152152152152154e-01,7.9085116067364591e-01
5.2252252252252251e-01,7.9062357760582602e-01
5.2352352352352360e-01,7.9039599453800635e-01
5.2452452452452458e-01,7.9016841147018657e-01
5.2552552552552556e-01,7.8994082840236679e-01
5.2652652652652654e-01,7.8971324533454712e-01
5.2752752752752752e-01,7.8948566226672734e-01
5.2852852852852861e-01,7.8925807919890767e-01
5.2952952952952959e-01,7.8903049613108789e-01
5.3053053053053056e-01,7.8880291306326800e-01
5.3153153153153154e-01,7.8857532999544833e-01
5.3253253253253252e-01,7.8834774692762855e-01
5.3353353353353361e-01,7.8812016385980888e-01
5.3453453453453459e-01,7.8789258079198909e-01
5.3553553553553557e-01,7.8766499772416931e-01
5.3653653653653655e-01,7.8743741465634964e-01
5.3753753753753752e-01,7.8720983158852986e-01
5.3853853853853861e-01,7.8698224852070997e-01
5.3953953953953959e-01,7.8675466545289030e-01
5.4054054054054057e-01,7.8652708238507052e-01
5.4154154154154155e-01,7.8629949931725074e-01
5.4254254254254253e-01,7.8607191624943107e-01
5.4354354354354362e-01,7.8584433318161129e-01
5.4454454454454460e-01,7.8561675011379162e-01
5.4554554554554557e-01,7.8538916704597173e-01
5.4654654654654655e-01,7.8516158397815194e-01
5.4754754754754753e-01,7.8493400091033227e-01
5.4854854854854862e-01,7.8470641784251249e-01
5.4954954954954960e-01,7.8447883477469282e-01
5.5055055055055058e-01,7.8425125170687304e-01
5.5155155155155156e-01,7.8402366863905326e-01
5.5255255255255253e-01,7.8379608557123359e-01
5.5355355355355362e-01,7.8356850250341370e-01
5.5455455455455460e-01,7.8334091943559392e-01
5.5555555555555558e-01,7.8311333636777425e-01
5.5655655655655656e-01,7.8288575329995447e-01
5.5755755755755754e-01,7.8265817023213469e-01
5.5855855855855863e-01,7.8243058716431502e-01
5.5955955955955961e-01,7.8220300409649524e-01
5.6056056056056058e-01,7.8197542102867557e-01
5.6156156156156156e-01,7.8174783796085567e-01
5.6256256256256254e-01,7.8152025489303589e-01
5.6356356356356363e-01,7.8129267182521622e-01
5.6456456456456461e-01,7.8106508875739644e-01
5.6556556556556559e-01,7.8083750568957677e-01
5.6656656656656657e-01,7.8060992262175699e-01
5.6756756756756754e-01,7.8038233955393710e-01
5.6856856856856863e-01,7.8015475648611743e-01
5.6956956956956961e-01,7.7992717341829765e-01
5.7057057057057059e-01,7.7969959035047787e-01
5.7157157157157157e-01,7.7947200728265820e-01
5.7257257257257255e-01,7.7924442421483842e-01
5.7357357357357364e-01,7.7901684114701863e-01
5.7457457457457461e-01,7.7878925807919896e-01
5.7557557557557559e-01,7.7856167501137907e-01
5.7657657657657657e-01,7.7833409194355940e-01
5.7757757757757755e-01,7.7810650887573962e-01
5.7857857857857864e-01,7.7787892580791984e-01
5.7957957957957962e-01,7.7765134274010017e-01
5.8058058058058060e-01,7.7742375967228039e-01
5.8158158158158157e-01,7.7719617660446072e-01
5.8258258258258255e-01,7.7696859353664094e-01
5.8358358358358364e-01,7.7674101046882105e-01
5.8458458458458462e-01,7.7651342740100138e-01
5.8558558558558560e-01,7.7628584433318160e-01
5.8658658658658658e-01,7.7605826126536182e-01
5.8758758758758756e-01,7.7583067819754215e-01
5.8858858858858865e-01,7.7560309512972236e-01
5.8958958958958962e-01,7.7537551206190258e-01
5.9059059059059060e-01,7.7514792899408280e-01
5.9159159159159158e-01,7.7492034592626302e-01
5.9259259259259256e-01,7.7469276285844335e-01
5.9359359359359365e-01,7.7446517979062357e-01
5.9459459459459463e-01,7.7423759672280379e-01
5.9559559559559561e-01,7.7401001365498412e-01
5.9659659659659658e-01,7.7378243058716434e-01
5.9759759759759756e-01,7.7355484751934467e-01
5.9859859859859865e-01,7.7332726445152478e-01
5.9959959959959963e-01,7.7309968138370500e-01
6.0060060060060072e-01,7.7287209831588521e-01
6.0160160160160170e-01,7.7264451524806554e-01
6.0260260260260268e-01,7.7241693218024576e-01
6.0360360360360366e-01,7.7218934911242609e-01
6.0460460460460463e-01,7.7196176604460631e-01
6.0560560560560572e-01,7.7173418297678642e-01
6.0660660660660670e-01,7.7150659990896675e-01
6.0760760760760768e-01,7.7127901684114697e-01
6.0860860860860866e-01,7.7105143377332730e-01
6.0960960960960964e-01,7.7082385070550752e-01
6.1061061061061073e-01,7.7059626763768774e-01
6.1161161161161171e-01,7.7036868456986807e-01
6.1261261261261268e-01,7.7014110150204829e-01
6.1361361361361366e-01,7.6991351843422839e-01
6.1461461461461464e-01,7.6968593536640872e-01
6.1561561561561573e-01,7.6945835229858894e-01
6.1661661661661671e-01,7.6923076923076916e-01
6.1761761761761769e-01,7.6900318616294949e-01
6.1861861861861867e-01,7.6877560309512971e-01
6.1961961961961964e-01,7.6854802002731004e-01
6.2062062062062073e-01,7.6832043695949015e-01
6.2162162162162171e-01,7.6809285389167037e-01
6.2262262262262269e-01,7.6786527082385070e-01
6.2362362362362367e-01,7.6763768775603092e-01
6.2462462462462465e-01,7.6741010468821125e-01
6.2562562562562574e-01,7.6718252162039147e-01
6.2662662662662671e-01,7.6695493855257169e-01
6.2762762762762769e-01,7.6672735548475202e-01
6.2862862862862867e-01,7.6649977241693212e-01
6.2962962962962965e-01,7.6627218934911234e-01
6.3063063063063074e-01,7.6604460628129267e-01
6.3163163163163172e-01,7.6581702321347289e-01
6.3263263263263270e-01,7.6558944014565311e-01
6.3363363363363367e-01,7.6536185707783344e-01
6.3463463463463465e-01,7.6513427401001366e-01
6.3563563563563574e-01,7.6490669094219399e-01
6.3663663663663672e-01,7.6467910787437410e-01
6.3763763763763770e-01,7.6445152480655432e-01
6.3863863863863868e-01,7.6422394173873465e-01
6.3963963963963966e-01,7.6399635867091487e-01
6.4064064064064075e-01,7.6376877560309520e-01
6.4164164164164161e-01,7.6354119253527541e-01
6.4264264264264270e-01,7.6331360946745552e-01
6.4364364364364368e-01,7.6308602639963585e-01
6.4464464464464466e-01,7.6285844333181607e-01
6.4564564564564564e-01,7.6263086026399640e-01
6.4664664664664673e-01,7.6240327719617662e-01
6.4764764764764760e-01,7.6217569412835684e-01
6.4864864864864868e-01,7.6194811106053706e-01
6.4964964964964966e-01,7.6172052799271739e-01
6.5065065065065075e-01,7.6149294492489750e-01
6.5165165165165162e-01,7.6126536185707783e-01
6.5265265265265271e-01,7.6103777878925805e-01
6.5365365365365369e-01,7.6081019572143826e-01
6.5465465465465467e-01,7.6058261265361859e-01
6.5565565565565564e-01,7.6035502958579881e-01
6.5665665665665673e-01,7.6012744651797914e-01
6.5765765765765760e-01,7.5989986345015936e-01
6.5865865865865869e-01,7.5967228038233947e-01
6.5965965965965967e-01,7.5944469731451980e-01
6.6066066066066076e-01,7.5921711424670002e-01
6.6166166166166163e-01,7.5898953117888035e-01
6.6266266266266272e-01,7.5876194811106057e-01
6.6366366366366369e-01,7.5853436504324079e-01
6.6466466466466467e-01,7.5830678197542101e-01
6.6566566566566565e-01,7.5807919890760123e-01
6.6666666666666674e-01,7.5785161583978145e-01
6.6766766766766761e-01,7.5762403277196178e-01
6.6866866866866870e-01,7.5739644970414199e-01
6.6966966966966968e-01,7.5716886663632221e-01
6.7067067067067077e-01,7.5694128356850254e-01
6.7167167167167163e-01,7.5671370050068276e-01
6.7267267267267272e-01,7.5648611743286309e-01
6.7367367367367370e-01,7.5625853436504320e-01
6.7467467467467468e-01,7.5603095129722342e-01
6.7567567567567566e-01,7.5580336822940375e-01
6.7667667667667675e-01,7.5557578516158397e-01
6.7767767767767761e-01,7.5534820209376430e-01
6.7867867867867870e-01,7.5512061902594452e-01
6.7967967967967968e-01,7.5489303595812474e-01
6.8068068068068077e-01,7.5466545289030484e-01
6.8168168168168164e-01,7.5443786982248517e-01
6.8268268268268273e-01,7.5421028675466539e-01
6.8368368368368382e-01,7.5398270368684572e-01
6.8468468468468469e-01,7.5375512061902594e-01
6.8568568568568578e-01,7.5352753755120616e-01
6.8668668668668675e-01,7.5329995448338649e-01
6.8768768768768784e-01,7.5307237141556671e-01
6.8868868868868871e-01,7.5284478834774693e-01
6.8968968968968980e-01,7.5261720527992715e-01
6.9069069069069078e-01,7.5238962221210737e-01
6.9169169169169176e-01,7.5216203914428759e-01
6.9269269269269274e-01,7.5193445607646792e-01
6.9369369369369382e-01,7.5170687300864814e-01
6.9469469469469469e-01,7.5147928994082847e-01
6.9569569569569578e-01,7.5125170687300857e-01
6.9669669669669676e-01,7.5102412380518879e-01
6.9769769769769785e-01,7.5079654073736912e-01
6.9869869869869872e-01,7.5056895766954934e-01
6.9969969969969981e-01,7.5034137460172967e-01
7.0070070070070078e-01,2.7218934911242598e-01
7.0170170170170176e-01,2.7127901684114691e-01
7.0270270270270274e-01,2.7036868456986796e-01
7.0370370370370383e-01,2.6945835229858889e-01
7.0470470470470470e-01,2.6854802002730993e-01
7.0570570570570579e-01,2.6763768775603086e-01
7.0670670670670677e-01,2.6672735548475190e-01
7.0770770770770786e-01,2.6581702321347284e-01
7.0870870870870872e-01,2.6490669094219388e-01
7.0970970970970981e-01,2.6399635867091481e-01
7.1071071071071079e-01,2.6308602639963585e-01
7.1171171171171177e-01,2.6217569412835678e-01
7.1271271271271275e-01,2.6126536185707783e-01
7.1371371371371384e-01,2.6035502958579870e-01
7.1471471471471471e-01,2.5944469731451975e-01
7.1571571571571579e-01,2.5853436504324068e-01
7.1671671671671677e-01,2.5762403277196172e-01
7.1771771771771786e-01,2.5671370050068265e-01
7.1871871871871873e-01,2.5580336822940369e-01
7.1971971971971982e-01,2.5489303595812463e-01
7.2072072072072080e-01,2.5398270368684567e-01
7.2172172172172178e-01,2.5307237141556660e-01
7.2272272272272275e-01,2.5216203914428764e-01
7.2372372372372384e-01,2.5125170687300857e-01
7.2472472472472471e-01,2.5034137460172962e-01
7.2572572572572580e-01,2.4943104233045052e-01
7.2672672672672678e-01,2.4852071005917156e-01
7.2772772772772787e-01,2.4761037778789249e-01
7.2872872872872874e-01,2.4670004551661354e-01
7.2972972972972983e-01,2.4578971324533447e-01
7.3073073073073080e-01,2.4487938097405551e-01
7.3173173173173178e-01,2.4396904870277641e-01
7.3273273273273276e-01,2.4305871643149748e-01
7.3373373373373385e-01,2.4214838416021839e-01
7.3473473473473472e-01,2.4123805188893943e-01
7.3573573573573581e-01,2.4032771961766036e-01
7.3673673673673679e-01,2.3941738734638141e-01
7.3773773773773788e-01,2.3850705507510234e-01
7.3873873873873874e-01,2.3759672280382338e-01
7.3973973973973983e-01,2.3668639053254428e-01
7.4074074074074081e-01,2.3577605826126535e-01
7.4174174174174179e-01,2.3486572598998626e-01
7.4274274274274277e-01,2.3395539371870730e-01
7.4374374374374386e-01,2.3304506144742823e-01
7.4474474474474472e-01,2.3213472917614927e-01
7.4574574574574581e-01,2.3122439690487021e-01
7.4674674674674679e-01,2.3031406463359125e-01
7.4774774774774788e-01,2.2940373236231215e-01
7.4874874874874875e-01,2.2849340009103322e-01
7.4974974974974984e-01,2.2758306781975413e-01
7.5075075075075082e-01,2.2667273554847517e-01
7.5175175175175180e-01,2.2576240327719610e-01
7.5275275275275277e-01,2.2485207100591714e-01
7.5375375375375386e-01,2.2394173873463807e-01
7.5475475475475473e-01,2.2303140646335912e-01
7.5575575575575582e-01,2.2212107419208002e-01
7.5675675675675680e-01,2.2121074192080109e-01
7.5775775775775789e-01,2.2030040964952199e-01
7.5875875875875876e-01,2.1939007737824304e-01
7.5975975975975985e-01,2.1847974510696397e-01
7.6076076076076082e-01,2.1756941283568501e-01
7.6176176176176180e-01,2.1665908056440594e-01
7.6276276276276278e-01,2.1574874829312699e-01
7.6376376376376387e-01,2.1483841602184789e-01
7.6476476476476474e-01,2.1392808375056896e-01
7.6576576576576583e-01,2.1301775147928986e-01
7.6676676676676681e-01,2.1210741920801091e-01
7.6776776776776789e-01,2.1119708693673184e-01
7.6876876876876876e-01,2.1028675466545288e-01
7.6976976976976985e-01,2.0937642239417381e-01
7.7077077077077083e-01,2.0846609012289485e-01
7.7177177177177181e-01,2.0755575785161576e-01
7.7277277277277279e-01,2.0664542558033683e-01
7.7377377377377388e-01,2.0573509330905773e-01
7.7477477477477474e-01,2.0482476103777877e-01
7.7577577577577583e-01,2.0391442876649971e-01
7.7677677677677681e-01,2.0300409649522075e-01
7.7777777777777790e-01,2.0209376422394168e-01
7.7877877877877877e-01,2.0118343195266272e-01
7.7977977977977986e-01,2.0027309968138363e-01
7.8078078078078084e-01,1.9936276741010467e-01
7.8178178178178181e-01,1.9845243513882560e-01
7.8278278278278279e-01,1.9754210286754664e-01
7.8378378378378388e-01,1.9663177059626757e-01
7.8478478478478475e-01,1.9572143832498862e-01
7.8578578578578584e-01,1.9481110605370955e-01
7.8678678678678682e-01,1.9390077378243059e-01
7.8778778778778791e-01,1.9299044151115149e-01
7.8878878878878878e-01,1.9208010923987254e-01
7.8978978978978986e-01,1.9116977696859347e-01
7.9079079079079084e-01,1.9025944469731451e-01
7.9179179179179182e-01,1.8934911242603544e-01
7.9279279279279280e-01,1.8843878015475649e-01
7.9379379379379389e-01,1.8752844788347739e-01
7.9479479479479476e-01,1.8661811561219846e-01
7.9579579579579585e-01,1.8570778334091936e-01
7.9679679679679682e-01,1.8479745106964041e-01
7.9779779779779791e-01,1.8388711879836134e-01
7.9879879879879878e-01,1.8297678652708238e-01
7.9979979979979987e-01,1.8206645425580331e-01
8.0080080080080085e-01,1.8115612198452435e-01
8.0180180180180183e-01,1.8024578971324526e-01
8.0280280280280281e-01,1.7933545744196633e-01
8.0380380380380390e-01,1.7842512517068723e-01
8.0480480480480476e-01,1.7751479289940827e-01
8.0580580580580585e-01,1.7660446062812921e-01
8.0680680680680683e-01,1.7569412835685025e-01
8.0780780780780792e-01,1.7478379608557118e-01
8.0880880880880879e-01,1.7387346381429222e-01
8.0980980980980988e-01,1.7296313154301313e-01
8.1081081081081086e-01,1.7205279927173420e-01
8.1181181181181183e-01,1.7114246700045510e-01
8.1281281281281281e-01,1.7023213472917614e-01
8.1381381381381390e-01,1.6932180245789707e-01
8.1481481481481477e-01,1.6841147018661812e-01
8.1581581581581586e-01,1.6750113791533905e-01
8.1681681681681684e-01,1.6659080564406009e-01
8.1781781781781793e-01,1.6568047337278100e-01
8.1881881881881879e-01,1.6477014110150207e-01
8.1981981981981988e-01,1.6385980883022297e-01
8.2082082082082086e-01,1.6294947655894401e-01
8.2182182182182184e-01,1.6203914428766494e-01
8.2282282282282282e-01,1.6112881201638599e-01
8.2382382382382391e-01,1.6021847974510692e-01
8.2482482482482478e-01,1.5930814747382796e-01
8.2582582582582587e-01,1.5839781520254886e-01
8.2682682682682684e-01,1.5748748293126993e-01
8.2782782782782793e-01,1.5657715065999084e-01
8.2882882882882880e-01,1.5566681838871188e-01
8.2982982982982989e-01,1.5475648611743281e-01
8.3083083083083087e-01,1.5384615384615385e-01
8.3183183183183185e-01,1.5293582157487479e-01
8.3283283283283283e-01,1.5202548930359583e-01
8.3383383383383392e-01,1.5111515703231673e-01
8.3483483483483478e-01,1.5020482476103780e-01
8.3583583583583587e-01,1.4929449248975871e-01
8.3683683683683685e-01,1.4838416021847975e-01
8.3783783783783794e-01,1.4747382794720068e-01
8.3883883883883881e-01,1.4656349567592172e-01
8.3983983983983990e-01,1.4565316340464265e-01
8.4084084084084088e-01,1.4474283113336370e-01
8.4184184184184185e-01,1.4383249886208460e-01
8.4284284284284283e-01,1.4292216659080567e-01
8.4384384384384392e-01,1.4201183431952658e-01
8.4484484484484479e-01,1.4110150204824762e-01
8.4584584584584588e-01,1.4019116977696855e-01
8.4684684684684686e-01,1.3928083750568959e-01
8.4784784784784795e-01,1.3837050523441052e-01
8.4884884884884881e-01,1.3746017296313157e-01
8.4984984984984990e-01,1.3654984069185247e-01
8.5085085085085088e-01,1.3563950842057351e-01
8.5185185185185186e-01,1.3472917614929444e-01
8.5285285285285284e-01,1.3381884387801549e-01
8.5385385385385393e-01,1.3290851160673642e-01
8.5485485485485502e-01,1.3199817933545732e-01
8.5585585585585588e-01,1.3108784706417839e-01
8.5685685685685697e-01,1.3017751479289930e-01
8.5785785785785795e-01,1.2926718252162034e-01
8.5885885885885893e-01,1.2835685025034127e-01
8.5985985985985991e-01,1.2744651797906231e-01
8.6086086086086100e-01,1.2653618570778324e-01
8.6186186186186187e-01,1.2562585343650429e-01
8.6286286286286296e-01,1.2471552116522520e-01
8.6386386386386393e-01,1.2380518889394625e-01
8.6486486486486502e-01,1.2289485662266716e-01
8.6586586586586589e-01,1.2198452435138821e-01
8.6686686686686698e-01,1.2107419208010914e-01
8.6786786786786796e-01,1.2016385980883018e-01
8.6886886886886894e-01,1.1925352753755110e-01
8.6986986986986992e-01,1.1834319526627214e-01
8.7087087087087101e-01,1.1743286299499307e-01
8.7187187187187187e-01,1.1652253072371412e-01
8.7287287287287296e-01,1.1561219845243503e-01
8.7387387387387394e-01,1.1470186618115608e-01
8.7487487487487503e-01,1.1379153390987699e-01
8.7587587587587590e-01,1.1288120163859805e-01
8.7687687687687699e-01,1.1197086936731897e-01
8.7787787787787797e-01,1.1106053709604001e-01
8.7887887887887894e-01,1.1015020482476093e-01
8.7987987987987992e-01,1.0923987255348198e-01
8.8088088088088101e-01,1.0832954028220290e-01
8.8188188188188188e-01,1.0741920801092394e-01
8.8288288288288297e-01,1.0650887573964486e-01
8.8388388388388395e-01,1.0559854346836592e-01
8.8488488488488504e-01,1.0468821119708684e-01
8.8588588588588590e-01,1.0377787892580788e-01
8.8688688688688699e-01,1.0286754665452880e-01
8.8788788788788797e-01,1.0195721438324985e-01
8.8888888888888895e-01,1.0104688211197077e-01
8.8988988988988993e-01,1.0013654984069181e-01
8.9089089089089102e-01,9.9226217569412731e-02
8.9189189189189189e-01,9.8315885298133787e-02
8.9289289289289298e-01,9.7405553026854705e-02
8.9389389389389395e-01,9.6495220755575747e-02
8.9489489489489504e-01,9.5584888484296665e-02
8.9589589589589591e-01,9.4674556213017722e-02
8.9689689689689700e-01,9.3764223941738639e-02
8.9789789789789798e-01,9.2853891670459682e-02
8.9889889889889896e-01,9.1943559399180599e-02
8.9989989989989994e-01,9.1033227127901656e-02
9.0090090090090102e-01,9.0122894856622573e-02
9.0190190190190189e-01,8.9212562585343616e-02
9.0290290290290298e-01,8.8302230314064534e-02
9.0390390390390396e-01,8.7391898042785590e-02
9.0490490490490505e-01,8.6481565771506508e-02
9.0590590590590592e-01,8.5571233500227550e-02
9.0690690690690701e-01,8.4660901228948468e-02
9.0790790790790799e-01,8.3750568957669524e-02
9.0890890890890896e-01,8.2840236686390442e-02
9.0990990990990994e-01,8.1929904415111485e-02
9.1091091091091103e-01,8.1019572143832402e-02
9.1191191191191190e-01,8.0109239872553459e-02
9.1291291291291299e-01,7.9198907601274376e-02
9.1391391391391397e-01,7.8288575329995419e-02
9.1491491491491506e-01,7.7378243058716337e-02
9.1591591591591592e-01,7.6467910787437393e-02
9.1691691691691701e-01,7.5557578516158311e-02
9.1791791791791799e-01,7.4647246244879353e-02
9.1891891891891897e-01,7.3736913973600271e-02
9.1991991991991995e-01,7.2826581702321327e-02
9.2092092092092104e-01,7.1916249431042245e-02
9.2192192192192191e-01,7.1005917159763288e-02
9.2292292292292299e-01,7.0095584888484205e-02
9.2392392392392397e-01,6.9185252617205262e-02
9.2492492492492506e-01,6.8274920345926179e-02
9.2592592592592593e-01,6.7364588074647222e-02
9.2692692692692702e-01,6.6454255803368140e-02
9.2792792792792800e-01,6.5543923532089196e-02
9.2892892892892898e-01,6.4633591260810114e-02
9.2992992992992995e-01,6.3723258989531156e-02
9.3093093093093104e-01,6.2812926718252074e-02
9.3193193193193191e-01,6.1902594446973123e-02
9.3293293293293300e-01,6.0992262175694041e-02
9.3393393393393398e-01,6.0081929904415091e-02
9.3493493493493507e-01,5.9171597633136008e-02
9.3593593593593594e-01,5.8261265361857058e-02
9.3693693693693703e-01,5.7350933090577975e-02
9.3793793793793800e-01,5.6440600819299025e-02
9.3893893893893898e-01,5.5530268548019943e-02
9.3993993993993996e-01,5.4619936276740992e-02
9.4094094094094105e-01,5.3709604005461910e-02
9.4194194194194192e-01,5.2799271734182959e-02
9.4294294294294301e-01,5.1888939462903877e-02
9.4394394394394399e-01,5.0978607191624926e-02
9.4494494494494508e-01,5.0068274920345844e-02
9.4594594594594594e-01,4.9157942649066894e-02
9.4694694694694703e-01,4.8247610377787811e-02
9.4794794794794801e-01,4.7337278106508861e-02
9.4894894894894899e-01,4.6426945835229778e-02
9.4994994994994997e-01,4.5516613563950828e-02
9.5095095095095106e-01,4.4606281292671746e-02
9.5195195195195192e-01,4.3695949021392795e-02
9.5295295295295301e-01,4.2785616750113713e-02
9.5395395395395399e-01,4.1875284478834762e-02
9.5495495495495508e-01,4.0964952207555680e-02
9.5595595595595595e-01,4.0054619936276729e-02
9.5695695695695704e-01,3.9144287664997647e-02
9.5795795795795802e-01,3.8233955393718697e-02
9.5895895895895900e-01,3.7323623122439614e-02
9.5995995995995997e-01,3.6413290851160664e-02
9.6096096096096106e-01,3.5502958579881581e-02
9.6196196196196193e-01,3.4592626308602631e-02
9.6296296296296302e-01,3.3682294037323549e-02
9.6396396396396400e-01,3.2771961766044598e-02
9.6496496496496509e-01,3.1861629494765516e-02
9.6596596596596596e-01,3.0951297223486562e-02
9.6696696696696705e-01,3.0040964952207479e-02
9.6796796796796802e-01,2.9130632680928529e-02
9.6896896896896900e-01,2.8220300409649447e-02
9.6996996996996998e-01,2.7309968138370496e-02
9.7097097097097107e-01,2.6399635867091414e-02
9.7197197197197194e-01,2.5489303595812463e-02
9.7297297297297303e-01,2.4578971324533381e-02
9.7397397397397401e-01,2.3668639053254430e-02
9.7497497497497509e-01,2.2758306781975348e-02
9.7597597597597596e-01,2.1847974510696398e-02
9.7697697697697705e-01,2.0937642239417315e-02
9.7797797797797803e-01,2.0027309968138365e-02
9.7897897897897901e-01,1.9116977696859282e-02
9.7997997997997999e-01,1.8206645425580332e-02
9.8098098098098108e-01,1.7296313154301250e-02
9.8198198198198194e-01,1.6385980883022299e-02
9.8298298298298303e-01,1.5475648611743217e-02
9.8398398398398401e-01,1.4565316340464264e-02
9.8498498498498510e-01,1.3654984069185184e-02
9.8598598598598597e-01,1.2744651797906232e-02
9.8698698698698706e-01,1.1834319526627149e-02
9.8798798798798804e-01,1.0923987255348199e-02
9.8898898898898902e-01,1.0013654984069116e-02
9.8998998998998999e-01,9.1033227127901659e-03
9.9099099099099108e-01,8.1929904415110836e-03
9.9199199199199195e-01,7.2826581702321322e-03
9.9299299299299304e-01,6.3723258989530508e-03
9.9399399399399402e-01,5.4619936276740994e-03
9.9499499499499511e-01,4.5516613563950179e-03
9.9599599599599598e-01,3.6413290851160661e-03
9.9699699699699706e-01,2.7309968138369851e-03
9.9799799799799804e-01,1.8206645425580331e-03
9.9899899899899902e-01,9.1033227127895191e-04
1.0000000000000000e+00,0.0000000000000000e+00
